Epoch,Mean Loss,Std Dev Loss,Min Loss,Max Loss
1,0.6836754232645035,0.015710194561609974,0.6621286869049072,0.7062256336212158
2,0.1965087726712227,0.007117600410961736,0.18753698468208313,0.205311581492424
